0,0,0,0,-0.668359,-0.65497
0,0,0,0,-0.596662,-0.647571
0,0,0,0,-0.749733,-0.724867
0,0,0,0,-0.484448,-0.731039
0,0,0,0,-0.628177,-0.626836
0,0,0,0,-0.015157,0.028009
0,0,0,0,-0.232522,-0.550071
0,0,0,0,-0.11418,-0.517962
0,0,0,0,-0.384257,-0.621249
0,0,0,0,-0.203054,-0.565239
0,0,0,0,-0.154869,-0.374223
0,0,0,0,-0.393474,-0.353711
0,0,0,0,-0.506416,-0.533363
0,0,0,0,-0.592003,-0.589247
0,0,0,0,-0.357637,-0.591852
0,0,0,0,-0.527943,-0.742661
0,0,0,0,-0.189813,-0.511514
0,0,0,0,-0.098057,-0.428187
0,0,0,0,-0.365581,-0.596373
1,0,0,0,-0.6522,-0.699672
1,0,0,0,-0.147815,-0.540998
1,0,0,0,-0.114487,-0.523387
1,0,0,0,-0.183037,-0.523335
1,0,0,0,-0.1809,-0.513975
1,0,0,0,-0.339819,-0.56877
1,0,0,0,-0.206508,-0.623651
1,0,0,0,-0.282488,-0.464926
1,0,0,0,-0.307427,-0.492776
1,0,0,0,-0.205504,-0.537062
1,0,0,0,-0.615773,-0.336773
1,0,0,0,-0.48273,-0.514333
1,0,0,0,-0.515372,-0.473545
1,0,0,0,-0.49267,-0.687201
1,0,0,0,-0.333262,-0.472094
1,0,0,0,-0.400021,-0.333527
1,0,0,0,-0.788196,-0.872592
1,0,0,0,-0.177552,-0.28797
1,0,0,0,-0.362505,-0.504283
1,0,0,0,-0.262947,-0.420872
1,0,0,0,-0.597064,-0.608168
1,0,0,0,-0.342349,-0.376232
1,0,0,0,-0.430819,-0.550325
1,0,0,0,0.038176,-0.269593
1,0,0,0,-0.534266,-0.66261
1,0,0,0,-0.411577,-0.52503
0,0,0,0,-0.183796,-0.406613
0,0,0,0,-0.26941,-0.33798
0,0,0,0,-0.040924,-0.368611
0,0,0,0,-0.316386,-0.515145
0,0,0,0,-0.105058,-0.37521
0,0,0,0,0.146238,-0.194427
0,0,0,0,-0.047996,-0.29349
0,0,0,0,-0.270988,-0.56255
0,0,0,0,-0.351293,-0.615093
0,0,0,0,0.138375,-0.334576
0,0,0,0,-0.157581,-0.456009
0,0,0,0,-0.116984,-0.43235
0,0,0,0,0.055245,-0.190162
0,0,0,0,0.124919,-0.37095
0,0,0,0,-0.015994,-0.457007
0,0,0,0,-0.032431,-0.198079
0,0,0,0,-0.101773,-0.542934
0,0,0,0,-0.095416,-0.248678
0,0,0,0,-0.057921,-0.311037
0,0,0,0,-0.166116,-0.439244
0,0,0,0,-0.096082,-0.295418
0,0,0,0,-0.101785,-0.32351
0,0,0,0,0.040596,-0.545159
0,0,0,0,-0.314555,-0.29019
1,0,0,0,-0.371157,-0.357112
1,0,0,0,0.128509,-0.358022
1,0,0,0,0.010119,-0.37171
1,0,0,0,-0.40666,-0.403301
1,0,0,0,-0.35285,-0.336462
1,0,0,0,-0.588712,-0.633573
1,0,0,0,0.114486,-0.407432
1,0,0,0,-0.402886,-0.386921
1,0,0,0,-0.404127,-0.386376
1,0,0,0,-0.325717,-0.30189
1,0,0,0,-0.218167,-0.415103
1,0,0,0,-0.332936,-0.35752
1,0,0,0,-0.414118,-0.420653
1,0,0,0,-0.171784,-0.5414
1,0,0,0,-0.097861,-0.426915
1,0,0,0,-0.081744,-0.441398
1,0,0,0,-0.134918,-0.387547
1,0,0,0,-0.67231,-0.638884
1,0,0,0,-0.107147,-0.460311
1,0,0,0,-0.416596,-0.408705
1,0,0,0,-0.32232,-0.74186
1,0,0,0,-0.199972,-0.549082
1,0,0,0,-0.431089,-0.502362
1,0,0,0,-0.143337,-0.439501
1,0,0,0,-0.443473,-0.385804
1,0,0,0,-0.625457,-0.676255
1,0,0,0,-0.430126,-0.484999
1,0,0,0,-0.139669,-0.477669
1,0,0,0,-0.273008,0.060593
0,0,0,0,-0.323371,0.001408
0,1,0,0,-0.412203,-0.713395
0,0,0,0,-0.400889,-0.414246
0,0,0,0,-0.31612,-0.527504
0,0,0,0,-0.392546,-0.44125
0,0,0,0,-0.297349,-0.067533
0,0,0,0,-0.442364,-0.377775
0,0,0,0,-0.128287,-0.464968
0,0,0,0,-0.128933,-0.52444
0,0,0,0,-0.136586,-0.508229
0,0,0,0,-0.594872,-0.402605
0,0,0,0,-0.083543,-0.166125
0,0,0,0,-0.029245,-0.346112
0,0,0,0,-0.429713,-0.332986
0,0,0,0,-0.525658,-0.644022
0,0,0,0,-0.194618,-0.520223
0,0,0,0,-0.548254,-0.850047
0,0,0,0,-0.599446,-0.577021
0,0,0,0,-0.612508,-0.517468
0,0,0,0,-0.243369,-0.47206
0,0,0,0,-0.640718,-0.458252
0,0,0,0,-0.332179,-0.509346
0,0,0,0,-0.676214,-0.458571
0,0,0,0,-0.530323,-0.593193
0,0,0,0,-0.512725,-0.352088
0,0,0,0,-0.150601,-0.343199
0,0,0,0,-0.056901,-0.226757
0,0,0,0,-0.293098,-0.495614
0,0,0,0,-0.622006,-0.421419
0,0,0,0,-0.689529,-0.683476
0,0,0,0,-0.092129,-0.090354
0,0,0,0,-0.187717,-0.140064
0,0,0,0,-0.470402,-0.416754
0,0,0,0,-0.425654,-0.366925
0,0,0,0,-0.436178,-0.205884
0,0,0,0,-0.226963,-0.053624
0,0,0,0,-0.025983,-0.429169
0,0,0,0,-0.190405,-0.290696
0,0,0,0,-0.2552,-0.297363
0,0,0,0,-0.138414,-0.382714
0,0,0,0,-0.190971,-0.317337
0,0,0,0,-0.515086,-0.464864
0,0,0,0,-0.187593,-0.281906
1,0,0,0,-0.452658,-0.435873
1,0,0,0,-0.225798,-0.741119
1,0,0,0,-0.418642,-0.466029
1,0,0,0,-0.544761,-0.317573
1,0,0,0,-0.374412,-0.291137
1,0,0,0,-0.448603,-0.710145
1,0,0,0,-0.263842,-0.411058
1,0,0,0,-0.455298,-0.450753
1,0,0,0,-0.332108,-0.221226
1,0,0,0,-0.278026,-0.349173
1,0,0,0,-0.279089,-0.440474
1,0,0,0,-0.559157,-0.229757
1,0,0,0,-0.438323,-0.149119
1,0,0,0,-0.604529,-0.564949
1,0,0,0,-0.300719,-0.364252
1,0,0,0,-0.490218,-0.449224
1,0,0,0,-0.128774,-0.260101
1,0,0,0,-0.175431,-0.179463
1,0,0,0,-0.491859,-0.512544
0,0,0,0,-0.3481,-0.376612
0,0,0,0,-0.34685,-0.504045
0,0,0,0,-0.08961,-0.446958
0,0,0,0,-0.283991,-0.371213
0,0,0,0,-0.568023,-0.337878
0,0,0,0,-0.264572,-0.229226
0,0,0,0,-0.249685,-0.590417
0,0,0,0,-0.155333,-0.469048
0,0,0,0,-0.42895,-0.438275
0,0,0,0,-0.128491,0.026455
0,0,0,0,-0.382055,-0.310844
0,0,0,0,-0.164333,-0.146887
0,0,0,0,-0.607245,-0.360653
0,0,0,0,-0.145172,-0.215295
0,0,0,0,-0.202369,-0.363517
0,0,0,0,-0.08244,0.028924
0,0,0,0,-0.422144,-0.461555
0,0,0,0,0.053563,-0.22949
0,0,0,0,0.024719,-0.278168
0,0,0,0,-0.247578,-0.285286
0,0,0,0,-0.322697,-0.444447
0,0,0,0,-0.438828,-0.312694
0,0,0,0,-0.020089,-0.064881
0,0,0,0,-0.283929,-0.374142
0,0,0,0,-0.143275,-0.368704
0,0,0,0,0.072606,-0.219429
0,0,0,0,-0.217209,-0.257886
0,0,0,0,0.042841,-0.231951
0,0,0,0,0.234847,-0.245737
0,0,0,0,-0.035738,-0.120164
0,0,0,0,-0.298605,-0.135244
0,0,0,0,0.096379,-0.190229
0,0,0,0,-0.097771,-0.097549
0,0,0,0,-0.226092,-0.424766
0,0,0,0,-0.077509,-0.225793
0,0,0,0,-0.116212,-0.016798
0,0,0,0,0.009869,-0.090069
0,0,0,0,-0.35521,-0.30456
0,0,0,0,-0.21049,-0.454484
0,0,0,0,0.008753,-0.282717
0,0,0,0,-0.150338,-0.244669
0,0,0,0,0.095584,-0.453258
0,0,0,0,-0.223101,-0.396826
0,0,0,0,0.010257,-0.225869
0,0,0,0,0.017263,-0.211906
0,0,0,0,-0.169347,-0.291732
0,0,0,0,-0.405822,-0.251717
0,0,0,0,-0.083099,-0.147556
0,0,0,0,-0.1332,-0.274738
0,0,0,0,-0.004065,-0.378463
0,0,0,0,0.087411,-0.321907
0,0,0,0,-0.171281,-0.437545
0,0,0,0,-0.177345,-0.073004
0,0,0,0,-0.043933,-0.438764
0,0,0,0,-0.060212,-0.384303
0,0,0,0,-0.038104,-0.304012
0,0,0,0,0.112799,-0.273613
0,0,0,0,-0.027577,-0.380563
0,0,0,0,-0.028307,-0.449226
0,0,0,0,0.077519,-0.359981
0,0,0,0,-0.229626,-0.263694
0,0,0,0,-0.051924,0.074966
0,0,0,0,0.084374,-0.470562
0,0,0,0,-0.039464,-0.325011
0,0,0,0,-0.04463,0.007216
0,0,0,0,-0.56879,-0.533175
0,0,0,0,-0.374696,-0.476772
0,0,0,0,0.063396,-0.316494
0,0,0,0,-0.188831,-0.183989
0,0,0,0,-0.123392,-0.266256
0,0,0,0,-0.196826,-0.143673
0,0,0,0,-0.106432,-0.354748
0,0,0,0,-0.138985,-0.262653
0,0,0,0,0.090004,-0.216724
0,0,0,0,0.078087,-0.306773
0,0,0,0,-0.167955,-0.253634
0,0,0,0,-0.15595,-0.276023
0,0,0,0,-0.060178,-0.373158
0,0,0,0,-0.18751,-0.184356
0,0,0,0,0.06785,0.002279
0,0,0,0,-0.39253,-0.351362
0,0,0,0,-0.024888,-0.452091
0,0,0,0,-0.259605,-0.200551
0,0,0,0,0.198601,-0.266811
0,0,0,0,-0.482855,-0.323287
0,0,0,0,-0.046482,-0.383062
0,0,0,0,-0.739409,-0.551647
0,0,0,0,-0.345277,-0.475758
0,0,0,0,-0.069462,-0.282106
0,0,0,0,0.011938,-0.353139
0,0,0,0,-0.597829,-0.549286
0,0,0,0,-0.510704,-0.573682
0,0,0,0,0.082478,-0.40714
0,0,0,0,-0.052591,-0.204188
0,0,0,0,0.081606,-0.248997
0,0,0,0,-0.471416,-0.416212
0,0,0,0,-0.411243,-0.495245
0,0,0,0,-0.574196,-0.486612
0,0,0,0,-0.04487,-0.259716
0,0,0,0,-0.353127,-0.285194
0,0,0,0,-0.395127,-0.485353
0,0,0,0,-0.187177,-0.242817
0,0,0,0,-0.07647,-0.369753
0,0,0,0,0.054386,-0.357522
0,0,0,0,-0.543886,-0.456638
0,0,0,0,-0.195083,-0.37578
0,0,0,0,-0.120374,-0.307621
0,0,0,0,-0.321236,-0.23727
0,0,0,0,-0.356296,-0.083932
0,0,0,0,-0.35448,-0.306236
0,1,0,0,-0.500798,-0.62605
0,0,0,0,-0.197333,-0.130757
0,0,0,0,-0.213086,-0.214293
0,0,0,0,-0.216762,-0.231133
0,0,0,0,-0.142563,-0.153714
0,0,0,0,0.083272,-0.39764
0,0,0,0,-0.194179,-0.172753
0,0,0,0,-0.098441,-0.315722
0,1,0,0,-0.414484,-0.514006
0,0,0,0,-0.253404,-0.243238
0,0,0,0,-0.442571,-0.397525
0,0,0,0,-0.475574,-0.541594
0,0,0,0,-0.408711,-0.285671
0,1,0,0,-0.578077,-0.316519
0,0,0,0,-0.506335,-0.553407
0,0,0,0,-0.1827,-0.301001
0,0,0,0,-0.178568,-0.06713
0,0,0,0,0.057682,-0.259302
0,1,0,0,-0.221408,-0.254468
0,0,0,0,-0.053795,-0.33193
0,1,0,0,-0.465776,-0.450381
0,0,0,0,-0.150994,-0.261563
0,0,0,0,-0.259816,-0.284492
0,0,0,0,0.088577,-0.385418
0,0,0,0,-0.329263,-0.405843
0,0,0,0,-0.471042,-0.450751
0,0,0,0,-0.311414,-0.467049
0,0,0,0,0.041804,-0.420712
0,0,0,0,-0.005984,-0.099069
0,0,0,0,0.005131,-0.304121
0,0,0,0,-0.02241,-0.411045
0,0,0,0,-0.282425,-0.311186
0,0,0,0,-0.165449,-0.535782
0,0,0,0,-0.479954,-0.49323
0,0,0,0,-0.024478,-0.30917
0,0,0,0,-0.086448,-0.210633
0,0,0,0,-0.188027,-0.557773
0,0,0,0,0.022684,-0.123153
0,0,0,0,-0.182112,-0.561729
0,0,0,0,-0.430995,-0.392834
0,0,0,0,-0.180052,-0.295062
0,0,0,0,-0.146116,-0.505965
0,0,0,0,-0.614435,-0.198306
0,0,0,0,-0.239796,-0.470179
0,0,0,0,0.062031,-0.45304
0,0,0,0,-0.102748,-0.488808
0,0,0,0,-0.506077,-0.732028
0,0,0,0,-0.3413,-0.48462
0,0,0,0,-0.111911,-0.291573
0,0,0,0,-0.260828,-0.247777
0,0,0,0,-0.154303,-0.504951
0,0,0,0,-0.525711,-0.433889
0,0,0,0,-0.553407,-0.115928
0,0,0,0,-0.379594,-0.442925
0,0,0,0,0.007146,-0.30321
0,0,0,0,-0.454492,-0.499825
0,0,0,0,-0.693656,-0.614236
0,0,0,0,-0.008552,-0.308871
0,0,0,0,-0.339343,-0.515578
0,0,0,0,-0.464826,-0.342495
1,0,0,0,0.032831,-0.398258
1,0,0,0,-0.363619,-0.361161
1,0,0,0,-0.461195,-0.642657
1,0,0,0,-0.244136,-0.210676
1,0,0,0,0.146999,-0.431512
1,0,0,0,-0.141544,-0.264272
1,0,0,0,-0.011813,-0.421789
1,0,0,0,-0.254845,-0.41013
1,0,0,0,-0.149859,-0.470808
1,0,0,0,-0.434856,-0.56562
0,0,0,0,-0.363159,-0.74127
0,0,0,0,-0.277389,-0.46371
0,0,0,0,-0.033401,-0.479001
0,0,0,0,-0.536035,-0.655249
0,0,0,0,-0.29713,-0.530263
0,0,0,0,-0.343219,-0.549664
0,0,0,0,-0.325582,-0.052781
0,0,0,0,-0.276831,-0.506269
0,0,0,0,-0.030684,-0.467428
0,0,0,0,-0.095999,-0.250266
0,0,0,0,-0.405693,-0.481053
0,0,0,0,-0.388079,-0.264167
0,0,0,0,0.012559,-0.565023
0,0,0,0,-0.278841,-0.635881
0,0,0,0,-0.427065,-0.633269
0,0,0,0,-0.332613,-0.318465
0,0,0,0,-0.505981,-0.375462
0,0,0,0,-0.239326,-0.491514
0,0,0,0,-0.305137,-0.59884
0,0,0,0,-0.732639,-0.661864
1,0,0,0,-0.505992,-0.664309
1,0,0,0,-0.337286,-0.427948
1,0,0,0,-0.572548,-0.432063
1,0,0,0,-0.194976,-0.389425
1,0,0,0,-0.30137,-0.532977
1,0,0,0,-0.307975,-0.342667
1,0,0,0,-0.231164,-0.426909
1,0,0,0,-0.496526,-0.519851
1,0,0,0,-0.377452,-0.639863
1,0,0,0,-0.232916,-0.473897
1,0,0,0,0.04486,-0.332578
1,0,0,0,-0.505671,-0.409478
1,0,0,0,-0.472264,-0.583084
1,0,0,0,-0.009399,-0.518767
1,0,0,0,-0.474159,-0.323049
1,0,0,0,0.023085,-0.461939
1,0,0,0,-0.536049,-0.406874
1,0,0,0,-0.147707,-0.456501
0,0,0,0,-0.131718,-0.454544
0,0,0,0,-0.494134,-0.450583
0,0,0,0,-0.656712,-0.629103
0,0,0,0,-0.149655,-0.337846
0,0,0,0,-0.435963,-0.215836
0,1,0,0,-0.418133,-0.111479
0,1,0,0,-0.520077,-0.38725
0,1,0,0,-0.34316,-0.404505
0,1,0,0,-0.16169,-0.270941
0,1,0,0,-0.239493,-0.314433
0,1,0,0,-0.470314,-0.351726
0,1,0,0,-0.330152,-0.361639
0,1,0,0,-0.154206,-0.361734
0,1,0,0,-0.306156,-0.462685
0,1,0,0,-0.037408,-0.459706
0,1,0,0,-0.20406,-0.388614
0,1,0,0,-0.314208,-0.443506
0,0,0,0,-0.209465,-0.355561
0,0,0,0,-0.422609,-0.275734
0,0,0,0,-0.347639,-0.472675
0,0,0,0,-0.44645,-0.410152
0,0,0,0,-0.592153,-0.284069
0,0,0,0,-0.095481,-0.254413
0,0,0,0,-0.228636,-0.202061
0,0,0,0,-0.266599,-0.139888
0,0,0,0,-0.804612,-0.488687
0,0,0,0,-0.144089,-0.361366
0,0,0,0,-0.331838,-0.603869
0,0,0,0,-0.235748,-0.236542
0,0,0,0,-0.175512,-0.466671
0,0,0,0,-0.174595,-0.257733
0,0,0,0,-0.378634,-0.559883
0,0,0,0,-0.230754,-0.508675
0,0,0,0,-0.438807,-0.514899
0,0,0,0,-0.115265,-0.143286
0,0,0,0,-0.297447,-0.289335
0,0,0,0,-0.348232,-0.420746
0,0,0,0,-0.442909,-0.449464
0,0,0,0,-0.176417,-0.528416
0,0,0,0,-0.408518,-0.219711
0,0,0,0,-0.472269,-0.371812
0,0,0,0,-0.207477,-0.239558
0,0,0,0,-0.07703,-0.524783
0,0,0,0,0.086383,-0.269219
0,0,0,0,-0.109459,-0.305229
0,0,0,0,-0.183847,-0.363519
0,0,0,0,-0.104085,-0.633826
0,0,0,0,-0.128936,-0.440902
0,0,0,0,-0.290471,-0.562068
0,0,0,0,-0.433376,-0.402875
0,0,0,0,-0.150648,-0.664052
0,0,0,0,-0.100474,-0.398795
0,0,0,0,-0.241024,-0.319597
0,0,0,0,-0.264871,0.00182
0,0,0,0,-0.226911,-0.705259
0,0,0,0,-0.137222,-0.319757
0,0,0,0,-0.04543,-0.428575
0,0,0,0,-0.408432,-0.1692
0,0,0,0,-0.296893,-0.558298
0,0,0,0,0.059976,-0.490736
0,0,0,0,-0.311784,-0.300962
0,0,0,0,-0.526299,-0.479488
0,0,0,0,-0.324685,-0.558065
0,0,0,0,-0.065333,-0.426273
0,0,0,0,-0.24873,-0.372011
0,0,0,0,-0.317645,-0.497814
0,0,0,0,-0.186741,-0.574339
0,0,0,0,-0.436613,-0.406566
0,0,0,0,-0.461656,-0.486313
0,0,0,0,-0.260409,-0.308233
0,0,0,0,-0.017024,-0.454115
0,0,0,0,-0.398718,-0.422966
0,0,0,0,-0.227473,-0.259914
0,0,0,0,-0.103368,-0.36569
0,0,0,0,-0.48544,-0.448676
0,0,0,0,-0.046513,-0.457572
0,0,0,0,-0.487108,-0.531397
0,0,0,0,-0.249166,-0.285826
0,0,0,0,-0.261847,-0.268689
1,0,0,0,0.026433,-0.433432
1,0,0,0,-0.3601,-0.513151
1,0,0,0,-0.434236,-0.437431
1,0,0,0,-0.301781,-0.264075
1,0,0,0,-0.069633,-0.335783
1,0,0,0,-0.273237,-0.172046
1,0,0,0,-0.123873,-0.388117
1,0,0,0,-0.443324,-0.499923
0,0,0,0,-0.460107,-0.352823
0,0,0,0,-0.19019,-0.189699
0,0,0,0,-0.066287,-0.288763
0,0,0,0,-0.280962,-0.399847
0,0,0,0,-0.387667,-0.660244
0,0,0,0,0.021456,-0.054828
0,0,0,0,-0.094804,-0.259317
0,0,0,0,-0.188322,-0.435285
0,0,0,0,-0.148019,-0.319291
0,0,0,0,0.102156,-0.074309
0,0,0,0,-0.426193,-0.127424
0,0,0,0,-0.037965,-0.638628
0,0,0,0,-0.327442,-0.401468
0,0,0,0,-0.286823,-0.102209
0,0,0,0,-0.247241,-0.318662
0,0,0,0,-0.373728,-0.653018
0,0,0,0,-0.30599,-0.599239
0,0,0,0,-0.230399,-0.001991
0,0,0,0,-0.142718,-0.267859
0,0,0,0,-0.014009,-0.612006
0,0,0,0,-0.540073,-0.483812
0,0,0,0,-0.321191,-0.238536
0,0,0,0,-0.272469,-0.12079
0,0,0,0,-0.277498,-0.665147
0,0,0,0,0.178842,-0.265428
0,0,0,0,-0.677241,-0.179954
0,0,0,0,-0.159792,-0.101638
0,0,0,0,-0.30958,-0.629853
0,0,0,0,0.1109,-0.359147
0,0,0,0,-0.635877,-0.711215
0,0,0,0,-0.104423,-0.164439
0,0,0,0,-0.272371,-0.637628
0,0,0,0,-0.619374,-0.545393
1,0,0,0,-0.139237,-0.240834
1,0,0,0,-0.557181,-0.373175
1,0,0,0,-0.043371,-0.329535
1,0,0,0,-0.302368,-0.486309
1,0,0,0,-0.122256,-0.289193
1,0,0,0,-0.500892,-0.40346
1,0,0,0,-0.189485,-0.21468
1,0,0,0,-0.247391,-0.368139
1,0,0,0,-0.102407,-0.435407
1,0,0,0,-0.384013,-0.326019
1,0,0,0,-0.191411,-0.235591
1,0,0,0,-0.421383,-0.060197
0,0,0,0,-0.307835,-0.180404
0,0,0,0,-0.18495,-0.459506
0,0,0,0,-0.155705,-0.15845
0,0,0,0,-0.336695,-0.274423
0,0,0,0,-0.228322,-0.365208
0,0,0,0,-0.357815,-0.505419
0,0,0,0,-0.233729,-0.224538
0,0,0,0,-0.047479,-0.240855
0,0,0,0,-0.072704,-0.025867
0,0,0,0,-0.163267,-0.092641
0,0,0,0,-0.182631,-0.139028
0,0,0,0,-0.25707,-0.49891
0,0,0,0,-0.676393,-0.333856
0,0,0,0,-0.126046,-0.230196
0,0,0,0,-0.243263,-0.279938
0,0,0,0,-0.211385,-0.176311
0,0,0,0,-0.566986,-0.453797
0,0,0,0,-0.107763,-0.231796
0,0,0,0,-0.166815,-0.180409
0,0,0,0,-0.449735,-0.63206
0,0,0,0,-0.408551,-0.373703
0,0,0,0,-0.233342,-0.384769
0,0,0,0,0.008733,-0.138823
0,0,0,0,-0.192474,-0.306215
0,0,0,0,-0.424139,-0.51383
0,0,0,0,-0.312877,-0.305129
0,0,0,0,0.011296,-0.247745
0,0,0,0,-0.004399,-0.07072
0,0,0,0,-0.250782,-0.321276
0,0,0,0,-0.366832,-0.369877
0,0,0,0,0.114549,-0.090233
1,0,0,0,-0.241291,-0.344811
1,0,0,0,-0.119433,-0.283813
1,0,0,0,-0.276923,-0.483342
1,0,0,0,-0.170822,-0.341984
1,0,0,0,-0.32838,-0.240511
0,0,0,0,0.134162,0.184927
0,0,0,0,-0.375688,-0.556055
0,0,0,0,-0.516779,-0.593212
0,0,0,0,-0.162564,-0.174856
0,0,0,0,-0.615564,-0.550446
0,0,0,0,-0.692775,-0.751928
0,0,0,0,-0.273253,-0.318086
0,0,0,0,0.057121,-0.153554
0,0,0,0,-0.303638,-0.294966
0,0,0,0,-0.61204,-0.569772
0,0,0,0,0.018393,-0.30297
0,0,0,0,-0.433984,-0.256969
0,0,0,0,-0.38498,-0.33366
0,0,0,0,-0.166201,-0.645277
0,0,0,0,-0.298113,-0.588348
0,0,0,0,-0.005492,-0.074336
0,0,0,0,-0.203005,-0.423323
0,0,0,0,-0.128314,-0.572314
0,0,0,0,-0.317648,-0.481996
0,0,0,0,-0.009936,-0.352661
0,0,0,0,-0.484944,-0.584115
0,0,0,0,-0.202968,-0.224101
0,0,0,0,-0.589057,-0.61849
0,0,0,0,-0.018868,-0.284402
0,0,0,0,-0.331079,-0.363696
0,0,0,0,-0.455973,-0.162602
0,0,0,0,-0.081891,-0.406775
0,0,0,0,-0.451208,-0.603441
0,0,0,0,-0.526924,-0.385694
0,0,0,0,-0.515717,0.058877
0,0,0,0,-0.276639,-0.224166
0,0,0,0,-0.117459,-0.207764
0,0,0,0,-0.158171,-0.226353
0,0,0,0,-0.321983,-0.52001
0,0,0,0,-0.269369,-0.540265
0,0,0,0,-0.062981,-0.251925
0,0,0,0,-0.284449,-0.533619
0,0,0,0,-0.522871,-0.651003
0,0,0,0,-0.353112,-0.49224
0,0,0,0,-0.087139,-0.221566
0,0,0,0,-0.208183,-0.524257
0,0,0,0,-0.064581,-0.073026
0,0,0,0,-0.102907,-0.489277
0,0,0,0,-0.044433,-0.296204
1,0,0,0,-0.321892,-0.664586
1,0,0,0,0.0278,-0.599651
1,0,0,0,-0.51773,-0.621392
1,0,0,0,-0.370063,-0.594052
1,0,0,0,0.031456,-0.28323
0,0,0,0,-0.222841,-0.623023
0,0,0,0,-0.374626,-0.137735
0,0,0,0,-0.26705,-0.542787
0,0,0,0,-0.06042,-0.138151
0,0,0,0,-0.285238,-0.574229
0,0,0,0,-0.303573,-0.542341
0,0,0,0,-0.116685,-0.422494
0,0,0,0,-0.313483,-0.526262
0,0,0,0,-0.142429,-0.328816
0,0,0,0,-0.466009,-0.4859
0,0,0,0,-0.101711,-0.350669
0,0,0,0,-0.23691,-0.470709
0,0,0,0,-0.101764,-0.369215
0,0,0,0,-0.681497,-0.568906
0,0,0,0,-0.294974,-0.443105
0,0,0,0,-0.270215,-0.467696
0,0,0,0,0.007901,-0.507451
0,0,0,0,-0.056105,-0.294764
0,0,0,0,-0.186837,-0.396992
0,0,0,0,0.188605,-0.363375
0,0,0,0,-0.059154,-0.318222
0,0,0,0,-0.219116,-0.378242
0,0,0,0,-0.412521,-0.470004
0,0,0,0,-0.709706,-0.708515
0,0,0,0,-0.209627,-0.415134
0,0,0,0,-0.291134,-0.376271
0,0,0,0,-0.214752,-0.367153
0,0,0,0,-0.450647,-0.586606
0,0,0,0,-0.205038,-0.289723
0,0,0,0,-0.02259,-0.559256
0,0,0,0,0.066894,-0.299297
0,0,0,0,-0.369051,-0.632894
0,0,0,0,-0.104249,-0.272681
0,0,0,0,-0.616756,-0.641515
0,0,0,0,0.079911,-0.327162
0,0,0,0,-0.177158,-0.471384
0,0,0,0,0.050293,-0.164843
0,0,0,0,-0.066851,-0.296257
0,0,0,0,-0.086617,-0.533018
0,0,0,0,-0.174821,-0.532194
0,0,0,0,-0.033071,-0.302733
0,0,0,0,-0.001079,-0.318968
0,0,0,0,-0.636482,0.06177
0,0,0,0,-0.16392,-0.432056
0,0,0,0,0.070163,-0.35377
0,0,0,0,-0.166359,-0.354023
0,0,0,0,-0.012891,-0.376393
0,0,0,0,0.08717,-0.370716
0,0,0,0,-0.269392,-0.491747
0,0,0,0,-0.388303,-0.344665
0,0,0,0,0.084908,-0.306241
0,0,0,0,-0.084006,-0.45191
0,0,0,0,-0.164665,-0.482532
0,0,0,0,0.092764,-0.295684
0,0,0,0,-0.232861,-0.43866
0,1,0,0,-0.11751,-0.288701
0,0,0,0,0.003418,-0.317891
0,0,0,0,0.104177,-0.295695
0,0,0,0,-0.240347,-0.505273
0,0,0,0,-0.012554,-0.296075
0,0,0,0,-0.312868,-0.514171
0,0,0,0,-0.393433,-0.643374
0,0,0,0,-0.08004,-0.344167
0,0,0,0,0.128406,-0.302001
0,0,0,0,-0.444956,-0.591305
0,0,0,0,-0.080331,-0.379136
0,0,0,0,-0.405837,-0.719647
0,0,0,0,-0.284178,-0.23916
0,0,0,0,-0.199322,-0.574307
0,0,0,0,-0.389828,-0.739018
0,0,0,0,-0.065028,-0.4219
0,0,0,0,-0.402403,-0.700417
0,0,0,0,-0.490708,-0.494893
0,0,0,0,-0.096084,-0.663064
0,0,0,0,0.02474,-0.361531
0,0,0,0,-0.231102,-0.479328
0,0,0,0,-0.299739,-0.362759
0,0,0,0,-0.205558,-0.568354
0,0,0,0,0.08146,-0.369182
0,0,0,0,-0.349674,-0.446741
0,0,0,0,-0.254432,-0.472287
0,0,0,0,-0.530584,-0.413557
0,0,0,0,0.131929,-0.340737
0,0,0,0,-0.440733,-0.555167
0,0,0,0,-0.120946,-0.386898
0,0,0,0,-0.119105,-0.384298
0,0,0,0,0.07263,-0.401922
0,0,0,0,-0.391451,-0.399418
0,0,0,0,-0.130454,-0.333432
0,0,0,0,-0.288171,-0.685535
0,0,0,0,-0.152824,-0.200512
0,0,0,0,-0.404661,-0.489558
0,0,0,0,-0.179435,-0.739924
0,0,0,0,-0.317115,-0.357807
0,0,0,0,0.054905,-0.449553
0,1,0,0,-0.225542,-0.390799
0,1,0,0,-0.472289,-0.541269
0,1,0,0,-0.30373,-0.529918
0,1,0,0,-0.143203,-0.299134
0,1,0,0,-0.072244,-0.226922
0,1,0,0,-0.286653,-0.479289
0,1,0,0,-0.013581,-0.59129
0,1,0,0,-0.092797,-0.414375
0,1,0,0,-0.269391,-0.3716
0,1,0,0,0.050015,-0.453709
0,1,0,0,-0.27801,-0.533746
0,1,0,0,-0.108884,-0.403247
0,1,0,0,-0.295934,-0.352387
0,1,0,0,-0.047226,-0.441796
0,1,0,0,-0.2333,-0.45485
0,0,0,0,-0.267929,-0.396615
0,0,0,0,-0.175054,-0.472765
0,0,0,0,-0.054984,-0.507861
0,0,0,0,-0.18558,-0.403276
0,0,0,0,-0.373297,-0.448686
0,0,0,0,-0.039455,-0.167226
0,0,0,0,-0.106021,-0.533593
0,0,0,0,-0.274697,-0.397808
0,0,0,0,-0.120791,-0.554189
0,0,0,0,-0.039772,-0.418452
0,0,0,0,-0.050843,-0.381235
0,0,0,0,-0.562242,-0.439393
0,0,0,0,-0.173693,-0.404271
0,0,0,0,-0.042505,-0.343773
0,0,0,0,-0.236271,-0.625028
0,0,0,0,-0.315824,-0.535503
0,0,0,0,-0.053897,-0.488062
0,0,0,0,0.06016,-0.356316
0,0,0,0,-0.279956,-0.364133
0,0,0,0,0.093278,-0.411097
0,0,0,0,-0.264251,-0.329269
0,0,0,0,0.075627,-0.391811
0,0,0,0,-0.08,-0.245088
0,0,0,0,-0.097405,-0.425434
0,0,0,0,-0.304596,-0.309709
0,0,0,0,-0.203041,-0.407262
0,0,0,0,-0.032109,-0.519279
0,0,0,0,-0.301592,-0.430688
0,0,0,0,-0.299737,-0.614217
0,0,0,0,-0.663987,-0.747334
0,0,0,0,-0.112959,-0.444242
0,0,0,0,-0.751892,-0.399725
0,0,0,0,-0.135669,-0.357734
0,0,0,0,-0.317592,-0.49898
0,0,0,0,-0.299525,-0.349539
0,0,0,0,-0.537727,-0.587712
0,0,0,0,-0.161537,-0.489662
0,0,0,0,-0.330721,-0.688396
0,0,0,0,-0.284704,-0.64111
0,0,0,0,-0.318381,-0.285841
0,0,0,0,-0.463352,-0.645837
0,0,0,0,-0.321519,-0.594209
0,0,0,0,-0.237608,-0.322524
0,0,0,0,-0.098538,-0.410009
0,0,0,0,-0.005206,-0.444276
0,0,0,0,-0.397499,-0.649264
0,0,0,0,-0.570869,-0.631864
0,0,0,0,0.004348,-0.373006
0,0,0,0,-0.142052,-0.608954
0,0,0,0,-0.117748,-0.46809
0,0,0,0,-0.183063,-0.572603
0,0,0,0,-0.494953,-0.564882
0,0,0,0,-0.258279,-0.521328
0,0,0,0,0.110045,-0.388036
0,0,0,0,-0.200015,-0.487911
0,0,0,0,-0.287792,-0.444461
0,0,0,0,-0.217657,-0.289574
0,0,0,0,-0.359085,-0.479667
0,0,0,0,-0.109155,-0.292788
1,0,0,0,-0.256959,-0.378295
1,0,0,0,-0.173,-0.51711
1,0,0,0,-0.103665,-0.483157
1,0,0,0,-0.04311,-0.387835
1,0,0,0,-0.18695,-0.602363
0,0,0,0,-0.200482,-0.610093
1,0,0,0,-0.443616,-0.333197
1,0,0,0,-0.186559,-0.620845
1,0,0,0,-0.342884,-0.442755
1,0,0,0,-0.110972,-0.385675
1,0,0,0,-0.336157,-0.337729
1,0,0,0,-0.19325,-0.63233
1,0,0,0,-0.204569,-0.448833
0,0,0,0,-0.116348,-0.514588
1,0,0,0,-0.078079,-0.288192
1,0,0,0,-0.103086,-0.407145
1,0,0,0,-0.441357,-0.562386
1,0,0,0,-0.007411,-0.43945
1,0,0,0,-0.352331,-0.371934
1,0,0,0,-0.024352,-0.602905
1,0,0,0,-0.325987,-0.483817
1,0,0,0,-0.462414,-0.533142
1,0,0,0,-0.626457,-0.62454
1,0,0,0,-0.35571,-0.667957
1,0,0,0,0.009613,-0.513117
1,0,0,0,-0.306682,-0.46816
1,0,0,0,-0.037889,-0.193726
1,0,0,0,-0.567036,-0.721142
1,0,0,0,-0.234339,-0.425445
1,0,0,0,-0.145574,-0.416022
1,0,0,0,-0.247568,0.024589
1,0,0,0,-0.070737,-0.369979
1,0,0,0,-0.189964,-0.550976
1,0,0,0,-0.374577,-0.267381
1,0,0,0,-0.118532,0.169839
1,0,0,0,-0.682383,-0.568382
1,0,0,0,-0.39989,-0.502303
1,0,0,0,-0.72384,-0.607528
1,0,0,0,-0.121656,0.133928
1,0,0,0,-0.066275,-0.0367
1,0,0,0,-0.450219,-0.465354
1,0,0,0,-0.120095,-0.406041
1,0,0,0,-0.250264,-0.444678
1,0,0,0,-0.251704,-0.239626
1,0,0,0,0.006652,-0.479648
0,0,0,0,-0.251817,-0.392572
0,0,0,0,-0.324364,-0.462272
0,0,0,0,-0.200122,-0.332244
0,0,0,0,-0.050448,0.059228
0,0,0,0,-0.460916,-0.599625
0,0,0,0,-0.206811,-0.351736
0,0,0,0,-0.288294,-0.352688
0,0,0,0,-0.16565,-0.291562
0,0,0,0,-0.282479,-0.480911
0,0,0,0,-0.229632,-0.207222
0,0,0,0,-0.56086,-0.589906
0,0,0,0,-0.296913,-0.329071
0,0,0,0,-0.032508,-0.360963
0,0,0,0,-0.203033,0.128991
0,0,0,0,-0.161739,-0.430895
0,0,0,0,-0.113193,-0.414012
0,0,0,0,-0.062298,-0.330603
0,0,0,0,-0.041295,-0.386779
0,0,0,0,-0.121521,-0.377957
0,0,0,0,-0.516291,-0.644249
0,0,0,0,-0.113265,-0.3147
0,0,0,0,-0.191429,-0.423315
0,0,0,0,-0.500459,-0.39113
0,0,0,0,-0.130964,-0.081844
0,0,0,0,-0.204415,-0.14601
0,0,0,0,-0.29687,-0.575447
0,0,0,0,-0.30777,-0.53016
0,0,0,0,-0.154222,0.035987
0,0,0,0,-0.038197,0.1466
0,0,0,0,0.11405,-0.131261
0,0,0,0,-0.195582,-0.233718
0,0,0,0,-0.096566,-0.044242
0,0,0,0,-0.451926,-0.548671
0,0,0,0,-0.476399,-0.691673
0,0,0,0,0.142618,-0.152452
0,0,0,0,-0.112375,-0.013273
0,0,0,0,-0.473925,-0.499132
0,0,0,0,-0.054134,-0.539894
0,0,0,0,-0.611551,-0.660006
0,0,0,0,-0.094764,-0.063291
0,0,0,0,-0.216543,0.109464
0,0,0,0,-0.243145,-0.487068
0,0,0,0,-0.10665,-0.535825
0,0,0,0,-0.190983,-0.049565
0,0,0,0,-0.411542,-0.451669
0,0,0,0,-0.114915,-0.569705
0,0,0,0,-0.12258,-0.281884
0,0,0,0,-0.147318,-0.319475
0,0,0,0,0.171523,-0.053781
0,0,0,0,-0.13789,-0.597623
0,0,0,0,-0.25821,-0.433849
0,0,0,0,-0.143813,-0.249802
0,0,0,0,-0.239184,-0.243037
0,0,0,0,-0.100404,-0.608051
0,0,0,0,-0.014083,-0.289296
0,0,0,0,-0.330786,-0.203244
0,0,0,0,-0.03242,-0.102791
0,0,0,0,0.10401,-0.316042
0,0,0,0,-0.516083,-0.633835
0,0,0,0,-0.318471,-0.567929
0,0,0,0,0.055452,-0.246111
0,0,0,0,0.009244,-0.189306
0,0,0,0,-0.432282,-0.510901
0,0,0,0,-0.300525,-0.364103
0,0,0,0,-0.255286,-0.775911
0,0,0,0,0.013494,-0.241999
0,0,0,0,-0.345811,-0.553436
0,0,0,0,-0.223687,-0.374823
0,0,0,0,-0.258417,-0.413791
0,0,0,0,-0.047887,-0.307834
0,0,0,0,-0.066248,-0.560039
0,0,0,0,-0.57346,-0.477699
0,0,0,0,-0.2408,-0.42986
0,0,0,0,-0.351617,-0.328471
0,0,0,0,-0.105566,-0.436772
0,0,0,0,-0.402164,-0.517881
0,0,0,0,-0.171482,-0.31199
0,0,0,0,-0.272895,-0.427811
0,0,0,0,-0.081809,-0.588674
0,0,0,0,-0.133483,0.086647
0,0,0,0,-0.139601,-0.35351
0,0,0,0,-0.020286,-0.54502
0,0,0,0,-0.084643,-0.550053
0,0,0,0,-0.119707,0.101063
0,0,0,0,-0.160218,-0.381301
0,0,0,0,-0.380512,-0.61772
0,0,0,0,-0.128554,-0.066175
0,0,0,0,-0.217811,0.193299
0,0,0,0,-0.271567,-0.538367
0,0,0,0,0.105331,-0.340044
0,0,0,0,-0.131863,-0.487639
0,0,0,0,-0.425948,-0.444455
0,0,0,0,-0.169809,-0.237532
0,0,0,0,-0.037253,-0.330686
0,0,0,0,-0.133345,-0.486935
0,0,0,0,-0.096541,-0.265649
0,0,0,0,0.097438,-0.414195
0,0,0,0,-0.071923,-0.425757
0,0,0,0,-0.012122,-0.280608
0,0,0,0,-0.065096,-0.403869
0,0,0,0,-0.019382,-0.300143
0,0,0,0,-0.102815,-0.452577
0,0,0,0,-0.09873,-0.332428
0,0,0,0,-0.461611,-0.526369
0,0,0,0,-0.262332,-0.47136
0,0,0,0,-0.383246,-0.28106
0,0,0,0,-0.370936,-0.316146
0,0,0,0,-0.054595,-0.402906
0,0,0,0,-0.372611,-0.422776
0,0,0,0,0.031072,-0.105355
0,0,0,0,-0.217673,-0.354299
0,0,0,0,-0.163985,-0.476631
0,0,0,0,-0.175314,-0.14639
0,0,0,0,-0.11324,-0.380873
0,0,0,0,-0.19071,-0.409025
0,0,0,0,-0.00366,-0.322875
0,0,0,0,-0.121456,-0.227275
0,0,0,0,-0.052285,-0.299014
0,0,0,0,-0.406469,-0.399304
0,0,0,0,-0.171308,-0.567096
0,0,0,0,-0.108012,-0.296457
0,0,0,0,-0.160406,-0.039903
0,0,0,0,-0.113437,-0.440316
0,0,0,0,-0.039388,-0.246551
0,0,0,0,-0.196063,-0.384157
0,0,0,0,-0.116997,0.034471
0,0,0,0,-0.106614,-0.298442
1,0,0,0,-0.19574,-0.511115
1,0,0,0,0.029813,-0.475705
1,0,0,0,0.144222,-0.419014
1,0,0,0,-0.010854,-0.383326
1,0,0,0,-0.086253,-0.035394
1,0,0,0,-0.40049,-0.445152
1,0,0,0,-0.281239,-0.365181
1,0,0,0,-0.122295,-0.056599
1,0,0,0,-0.38861,-0.465435
1,0,0,0,-0.261063,-0.462092
1,0,0,0,-0.187604,-0.681057
1,0,0,0,-0.435107,-0.515447
1,0,0,0,-0.387589,-0.514285
1,0,0,0,-0.22043,-0.497367
1,0,0,0,-0.006818,-0.217141
1,0,0,0,-0.346344,-0.416506
1,0,0,0,-0.28078,-0.367588
1,0,0,0,-0.111344,-0.073469
1,0,0,0,-0.093675,-0.295763
1,0,0,0,-0.217971,-0.44835
1,0,0,0,-0.066112,-0.500604
1,0,0,0,-0.171052,-0.097421
1,0,0,0,-0.096485,-0.250486
1,0,0,0,-0.113018,-0.53827
1,0,0,0,0.134229,-0.422088
1,0,0,0,-0.27902,-0.56521
1,0,0,0,-0.081225,-0.536866
1,0,0,0,-0.158344,-0.472204
1,0,0,0,-0.045203,-0.457325
1,0,0,0,0.223169,-0.302316
1,0,0,0,-0.402762,-0.437301
1,0,0,0,-0.308408,-0.517407
1,0,0,0,-0.266171,-0.466442
1,0,0,0,-0.167624,-0.449113
1,0,0,0,-0.139081,-0.262701
1,0,0,0,-0.212835,-0.566179
1,0,0,0,-0.028358,-0.378445
1,0,0,0,-0.129435,-0.113219
1,0,0,0,-0.30534,-0.469027
1,0,0,0,-0.059625,-0.414169
1,0,0,0,-0.137281,-0.358174
1,0,0,0,-0.06185,-0.355462
1,0,0,0,-0.206022,-0.449352
1,0,0,0,-0.187388,-0.458156
1,0,0,0,-0.026881,-0.335463
1,0,0,0,-0.17,-0.369929
1,0,0,0,-0.04545,-0.415184
1,0,0,0,0.00937,-0.322777
1,0,0,0,-0.024131,-0.436409
1,0,0,0,-0.327859,-0.427264
1,0,0,0,-0.167035,-0.538014
1,0,0,0,0.087947,-0.39776
1,0,0,0,-0.148104,-0.314743
1,0,0,0,-0.118922,-0.340991
1,0,0,0,-0.154915,-0.368111
1,0,0,0,-0.092728,-0.349307
1,0,0,0,-0.129573,-0.174024
1,0,0,0,0.103849,-0.387107
1,0,0,0,-0.27431,-0.418601
1,0,0,0,-0.024661,-0.548801
1,0,0,0,-0.234275,-0.341514
1,0,0,0,-0.400123,-0.791074
1,0,0,0,-0.081996,-0.512256
1,0,0,0,-0.017412,-0.658945
1,0,0,0,-0.173535,-0.269933
1,0,0,0,-0.397991,-0.590533
1,0,0,0,-0.101409,-0.626221
1,0,0,0,-0.071144,-0.444032
1,0,0,0,-0.024266,-0.297459
1,0,0,0,-0.33152,-0.483178
1,0,0,0,-0.089367,-0.37074
1,0,0,0,-0.153936,-0.559938
1,0,0,0,-0.194745,-0.492998
1,0,0,0,-0.470576,-0.602655
1,0,0,0,-0.206768,-0.529542
1,0,0,0,-0.077622,-0.412243
1,0,0,0,-0.136038,-0.406553
1,0,0,0,-0.269967,-0.402062
1,0,0,0,-0.354346,-0.393266
1,0,0,0,-0.199604,-0.520321
1,0,0,0,-0.088603,-0.310596
1,0,0,0,-0.491056,-0.653747
1,0,0,0,-0.25928,-0.416827
1,0,0,0,-0.414865,-0.410176
1,0,0,0,-0.447704,-0.567757
1,0,0,0,-0.211375,-0.375365
1,0,0,0,-0.08873,-0.071721
1,0,0,0,-0.235942,-0.607657
1,0,0,0,-0.302295,-0.42624
1,0,0,0,-0.026058,-0.35465
1,0,0,0,-0.217771,-0.278085
1,0,0,0,-0.200311,-0.257179
1,0,0,0,-0.72378,-0.677596
1,0,0,0,-0.04483,-0.366346
1,0,0,0,-0.012267,-0.240348
1,0,0,0,-0.327801,-0.37762
1,0,0,0,-0.095164,-0.51629
1,0,0,0,-0.671262,-0.76461
1,0,0,0,-0.124032,-0.42708
1,0,0,0,-0.435283,-0.097533
1,0,0,0,-0.337832,-0.46845
1,0,0,0,-0.327776,-0.372171
1,0,0,0,-0.250153,-0.498467
1,0,0,0,-0.238675,-0.369505
1,0,0,0,-0.055257,-0.378603
1,0,0,0,-0.219621,-0.569505
1,0,0,0,-0.457395,-0.473785
1,0,0,0,-0.302977,-0.306059
1,0,0,0,-0.122942,-0.241043
1,0,0,0,-0.35399,-0.414515
1,0,0,0,-0.565066,-0.383689
1,0,0,0,-0.421658,-0.528897
1,0,0,0,-0.207379,-0.393807
1,0,0,0,-0.444408,-0.498505
1,0,0,0,-0.500083,-0.641016
1,0,0,0,-0.43873,-0.510123
1,0,0,0,-0.035351,-0.44468
1,0,0,0,-0.177495,-0.355149
1,0,0,0,-0.620144,-0.530985
1,0,0,0,-0.50258,-0.515655
1,0,0,0,-0.530112,-0.605525
1,0,0,0,-0.555866,-0.546254
1,0,0,0,0.076284,-0.292655
1,0,0,0,-0.139276,-0.52644
1,0,0,0,-0.304085,-0.550204
1,0,0,0,-0.217861,-0.422255
1,0,0,0,-0.474762,-0.584868
1,0,0,0,-0.455528,-0.564681
1,0,0,0,-0.307568,-0.411274
1,0,0,0,-0.033135,-0.289269
1,0,0,0,-0.150549,-0.450428
1,0,0,0,-0.221435,-0.382842
1,0,0,0,-0.308247,-0.352187
1,0,0,0,-0.077238,-0.20603
1,0,0,0,-0.009566,-0.384225
1,0,0,0,-0.340974,-0.609531
1,0,0,0,-0.065305,-0.457995
1,0,0,0,-0.433757,-0.421888
1,0,0,0,0.010425,-0.350592
1,0,0,0,-0.480948,-0.530206
1,0,0,0,-0.147866,-0.404692
1,0,0,0,-0.023814,-0.282939
1,0,0,0,-0.348374,-0.334602
1,0,0,0,-0.268482,-0.50101
1,0,0,0,-0.301334,-0.429983
1,0,0,0,-0.187897,-0.272547
1,0,0,0,-0.121144,-0.412026
1,0,0,0,-0.534778,-0.467602
1,0,0,0,-0.630573,-0.563687
1,0,0,0,-0.457808,-0.571999
1,0,0,0,-0.060436,-0.179886
1,0,0,0,-0.423541,-0.472678
1,0,0,0,-0.415332,-0.526571
1,0,0,0,-0.117759,-0.376391
1,0,0,0,-0.011143,-0.30899
1,0,0,0,-0.597678,-0.371085
1,0,0,0,-0.37808,-0.403512
1,0,0,0,-0.543109,-0.586955
1,0,0,0,-0.287456,-0.144248
1,0,0,0,-0.499626,-0.44677
1,0,0,0,-0.473006,-0.428487
1,0,0,0,-0.180949,-0.379684
1,0,0,0,-0.226219,-0.603687
1,0,0,0,-0.164538,-0.189875
1,0,0,0,-0.388859,-0.170427
1,0,0,0,-0.49858,-0.410544
1,0,0,0,-0.643378,-0.407509
1,0,0,0,-0.184519,-0.108902
1,0,0,0,-0.513098,-0.451589
1,0,0,0,-0.421046,-0.50399
1,0,0,0,-0.609835,-0.580496
1,0,0,0,-0.340296,-0.574343
1,0,0,0,-0.347505,-0.515848
1,0,0,0,-0.609923,-0.508473
1,0,0,0,-0.674489,-0.660228
1,0,0,0,-0.445349,-0.709047
1,0,0,0,-0.409283,-0.532277
1,0,0,0,-0.416943,-0.493695
1,0,0,0,-0.46394,-0.499299
1,0,0,0,-0.283406,-0.532117
1,0,0,0,-0.178545,-0.08556
1,0,0,0,-0.604075,-0.499156
1,0,0,0,-0.586739,-0.426513
1,0,0,0,-0.220152,-0.381614
1,0,0,0,-0.594101,-0.55805
1,0,0,0,-0.305094,-0.426213
1,0,0,0,-0.60881,-0.636517
1,0,0,0,-0.408388,-0.583272
1,0,0,0,-0.605478,-0.586551
1,0,0,0,-0.327254,-0.511088
1,0,0,0,-0.289254,-0.521379
1,0,0,0,-0.371968,-0.511091
1,0,0,0,-0.228923,-0.080708
1,0,0,0,-0.048234,-0.394872
1,0,0,0,-0.427698,-0.505289
1,0,0,0,-0.352497,-0.332838
1,0,0,0,-0.128724,-0.32997
1,0,0,0,-0.264709,-0.303915
1,0,0,0,-0.52607,-0.632644
1,0,0,0,-0.135003,-0.374874
1,0,0,0,-0.658389,-0.432468
1,0,0,0,-0.717703,-0.606045
1,0,0,0,-0.458804,-0.49062
1,0,0,0,-0.351426,-0.792776
1,0,0,0,-0.077106,-0.487141
1,0,0,0,-0.124563,-0.449531
1,0,0,0,-0.274432,-0.436047
1,0,0,0,-0.630615,-0.697589
1,0,0,0,-0.110689,-0.471448
1,0,0,0,-0.318355,-0.36806
1,0,0,0,-0.291399,-0.53323
1,0,0,0,-0.046759,-0.505835
1,0,0,0,-0.567118,-0.389449
1,0,0,0,-0.367734,-0.25436
1,0,0,0,0.014705,-0.36116
1,0,0,0,-0.146355,-0.604912
1,0,0,0,-0.654571,-0.746727
1,0,0,0,-0.524654,-0.761317
1,0,0,0,-0.560872,-0.346485
1,0,0,0,-0.075458,-0.447808
1,0,0,0,-0.337179,-0.553926
1,0,0,0,-0.626241,-0.363514
1,0,0,0,-0.396364,-0.5007
1,0,0,0,-0.105315,-0.42088
1,0,0,0,-0.3219,-0.32338
1,0,0,0,-0.218972,-0.39663
1,0,0,0,-0.384569,-0.501652
1,0,0,0,-0.071445,-0.312068
1,0,0,0,-0.222444,-0.433071
1,0,0,0,-0.415877,-0.368677
1,0,0,0,-0.015211,-0.392421
1,0,0,0,-0.127101,-0.176835
1,0,0,0,-0.183937,-0.406565
1,0,0,0,-0.400567,-0.416644
1,0,0,0,-0.146429,-0.230254
1,0,0,0,-0.141503,-0.29207
1,0,0,0,-0.195451,-0.443939
1,0,0,0,-0.505654,-0.455805
1,0,0,0,-0.323658,-0.580681
1,0,0,0,-0.137423,-0.170907
1,0,0,0,-0.460063,-0.402691
1,0,0,0,-0.381379,-0.596951
0,0,0,0,-0.233988,-0.560659
1,0,0,0,-0.507926,-0.460973
0,0,0,0,-0.220111,-0.616117
1,0,0,0,-0.643206,-0.738797
0,0,0,0,-0.40192,-0.54222
0,0,0,0,-0.375715,-0.398568
0,0,0,0,0.04178,-0.350774
0,0,0,0,-0.297877,-0.407526
0,0,0,0,-0.103379,-0.38073
0,0,0,0,-0.08359,-0.250682
0,0,0,0,-0.196192,-0.385994
0,0,0,0,0.098823,-0.302973
0,0,0,0,-0.194544,-0.337502
0,0,0,0,-0.092209,-0.47084
0,0,0,0,-0.199147,-0.513709
0,0,0,0,-0.216063,-0.404906
0,0,0,0,-0.424473,-0.694153
0,0,0,0,-0.251849,-0.267361
0,0,0,0,0.024359,-0.383194
0,0,0,0,-0.047523,-0.348839
0,0,0,0,-0.233022,-0.36531
0,0,0,0,-0.552775,-0.559154
0,0,0,0,-0.252859,-0.39741
0,1,0,0,-0.48372,-0.438008
0,0,0,0,-0.276287,-0.397108
0,1,0,0,-0.232277,-0.409963
0,0,0,0,-0.26027,-0.395435
0,1,0,0,-0.150975,-0.435139
0,1,0,0,-0.47726,-0.532424
0,1,0,0,0.061594,-0.335402
0,1,0,0,-0.548839,-0.451407
0,1,0,0,-0.203978,-0.378325
0,1,0,0,-0.126877,-0.534825
0,0,0,0,-0.529051,-0.565029
0,0,0,0,-0.07184,-0.335216
0,0,0,0,-0.634565,-0.636752
0,0,0,0,-0.399201,-0.561049
0,0,0,0,-0.58033,-0.341873
0,1,0,0,-0.498118,-0.52279
0,1,0,0,-0.162309,-0.401416
0,0,0,0,-0.329584,-0.241593
0,1,0,0,-0.379329,-0.446486
0,0,0,0,-0.165835,-0.228387
0,1,0,0,-0.151322,-0.534366
0,0,0,0,-0.123925,-0.466295
0,0,0,0,-0.148475,-0.52209
0,0,0,0,-0.214251,-0.383805
0,0,0,0,-0.143531,-0.251815
0,0,0,0,-0.097269,-0.110702
0,0,0,0,-0.099393,-0.34038
0,0,0,0,-0.106274,-0.314674
0,0,0,0,-0.145882,-0.36833
0,0,0,0,-0.457603,-0.580777
0,0,0,0,,
